_id,name,email
1,Hieronymus Happer,hhapper0@gizmodo.com
2,Amanda DelaField,adelafield1@businesswire.com
3,Isaak Forsythe,iforsythe2@ovh.net
4,Reinhard Grote,rgrote3@wp.com
5,Suzy Cescon,scescon4@free.fr
6,Hyacinthe Bloan,hbloan5@disqus.com
7,Ofelia Tollet,otollet6@gov.uk
8,Rosana Cosgrove,rcosgrove7@woothemes.com
9,Pansy Longhurst,plonghurst8@admin.ch
10,Shaylah Blasdale,sblasdale9@desdev.cn
11,Melodie Tayspell,mtayspella@shop-pro.jp
12,Eldon Dossettor,edossettorb@discovery.com
13,Katina Warrillow,kwarrillowc@chicagotribune.com
14,Eloisa Britner,ebritnerd@telegraph.co.uk
15,Wake Rielly,wriellye@nytimes.com
16,Viv Puttan,vputtanf@auda.org.au
17,Fabian Orans,foransg@answers.com
18,Stevana Burbidge,sburbidgeh@usgs.gov
19,Aggy Welchman,awelchmani@miitbeian.gov.cn
20,Magdaia Durdan,mdurdanj@deviantart.com
21,Ezequiel Kornilyev,ekornilyevk@goo.ne.jp
22,Adolpho Le Page,alel@census.gov
23,Dorolice Gallemore,dgallemorem@hao123.com
24,Lamar Skoggins,lskogginsn@senate.gov
25,Dallas Andrzej,dandrzejo@state.tx.us
26,Abba Soles,asolesp@ucoz.com
27,Jamie Erratt,jerrattq@diigo.com
28,Douglas Toulson,dtoulsonr@earthlink.net
29,Ulrike Prinett,uprinetts@merriam-webster.com
30,Kali Idenden,kidendent@comsenz.com
31,Kippy Vickerman,kvickermanu@eepurl.com
32,Kristofer Finnigan,kfinniganv@unblog.fr
33,Channa Cordle,ccordlew@mashable.com
34,Waiter Ivins,wivinsx@slate.com
35,Poppy Janczak,pjanczaky@acquirethisname.com
36,Tobey Brimmell,tbrimmellz@blogs.com
37,Diandra Cunningham,dcunningham10@sogou.com
38,Sibby Luppitt,sluppitt11@cocolog-nifty.com
39,Celisse Spollen,cspollen12@themeforest.net
40,Aurore Clausner,aclausner13@ifeng.com
41,Mahalia Pepperill,mpepperill14@networkadvertising.org
42,Eugenius Learmonth,elearmonth15@barnesandnoble.com
43,Sacha Luten,sluten16@engadget.com
44,Justine Little,jlittle17@mozilla.com
45,Seward Prisk,sprisk18@mozilla.org
46,Teador Shields,tshields19@shop-pro.jp
47,Free Meineck,fmeineck1a@paginegialle.it
48,Hermon Danilovic,hdanilovic1b@sina.com.cn
49,Suzann Shemming,sshemming1c@behance.net
50,Claudian Rouf,crouf1d@youtu.be
51,Brenn Ellwood,bellwood1e@github.io
52,Rorie Pattie,rpattie1f@nature.com
53,Mohandas Durrand,mdurrand1g@spiegel.de
54,Dedie Ayshford,dayshford1h@vinaora.com
55,Zebedee Jonk,zjonk1i@cocolog-nifty.com
56,Annmarie Bartrum,abartrum1j@artisteer.com
57,Phil Bridel,pbridel1k@netscape.com
58,Ferdy Sharram,fsharram1l@elegantthemes.com
59,Marmaduke Gagie,mgagie1m@smh.com.au
60,Hannah Stebbings,hstebbings1n@feedburner.com
61,Reade Mityukov,rmityukov1o@bizjournals.com
62,Stacy Coey,scoey1p@elegantthemes.com
63,Christiano Dunton,cdunton1q@nps.gov
64,Christiana Iban,ciban1r@dot.gov
65,Anthiathia Lembrick,alembrick1s@epa.gov
66,Bambi Slyme,bslyme1t@angelfire.com
67,Chico Rosettini,crosettini1u@ifeng.com
68,Grover Scherme,gscherme1v@webmd.com
69,Cameron Melling,cmelling1w@tinypic.com
70,Bernadene Metterick,bmetterick1x@google.fr
71,Lorens Slinn,lslinn1y@desdev.cn
72,Clerkclaude Rodger,crodger1z@epa.gov
73,Whitby Jennery,wjennery20@xrea.com
74,Mandi Fairney,mfairney21@nature.com
75,Sharron Piscopo,spiscopo22@epa.gov
76,Don Cordeux,dcordeux23@google.ru
77,Ansel Klaas,aklaas24@xinhuanet.com
78,Walt Pietasch,wpietasch25@photobucket.com
79,Darby Cow,dcow26@gmpg.org
80,Binky Jiggle,bjiggle27@fastcompany.com
81,Frazer Gounel,fgounel28@sfgate.com
82,Aeriell Willcott,awillcott29@nhs.uk
83,Ellery Latham,elatham2a@tmall.com
84,Frederico Petticrow,fpetticrow2b@t.co
85,Carlene Alvarado,calvarado2c@harvard.edu
86,Barnett Kaindl,bkaindl2d@purevolume.com
87,Linell Vacher,lvacher2e@mit.edu
88,Neille Victor,nvictor2f@purevolume.com
89,Christie Fatharly,cfatharly2g@photobucket.com
90,Melissa Taylder,mtaylder2h@studiopress.com
91,Cary Stannard,cstannard2i@meetup.com
92,Kaleb Bugge,kbugge2j@hp.com
93,Roobbie Cordel,rcordel2k@uol.com.br
94,Pansie Callaby,pcallaby2l@harvard.edu
95,Annie Vlasin,avlasin2m@de.vu
96,Krishnah Kamena,kkamena2n@furl.net
97,Fitz Constantinou,fconstantinou2o@imdb.com
98,Far Trow,ftrow2p@acquirethisname.com
99,Brinna Duiguid,bduiguid2q@msu.edu
100,Thorvald Mottini,tmottini2r@thetimes.co.uk
101,Maegan Pringour,mpringour2s@businessweek.com
102,Sybilla Ragsdale,sragsdale2t@freewebs.com
103,Joelynn Mehaffey,jmehaffey2u@techcrunch.com
104,Carilyn Grass,cgrass2v@telegraph.co.uk
105,Edik Radwell,eradwell2w@alexa.com
106,Mickey Cornew,mcornew2x@example.com
107,Riki Shewen,rshewen2y@comsenz.com
108,Guthrie Blower,gblower2z@imgur.com
109,Dorrie Shillaber,dshillaber30@wisc.edu
110,Valerye Valentino,vvalentino31@microsoft.com
111,Thorpe Elijah,telijah32@rediff.com
112,Jeff Germann,jgermann33@live.com
113,Alecia McGonagle,amcgonagle34@domainmarket.com
114,Valerie Pettersen,vpettersen35@goo.ne.jp
115,Worthy Sutworth,wsutworth36@issuu.com
116,Jillene Brimble,jbrimble37@squarespace.com
117,Zolly Giorgiutti,zgiorgiutti38@lulu.com
118,Penelopa Fero,pfero39@accuweather.com
119,Bernard Dulanty,bdulanty3a@livejournal.com
120,Nichole Mulles,nmulles3b@whitehouse.gov
121,Brandea Franceschi,bfranceschi3c@google.ca
122,Karna Kirvell,kkirvell3d@accuweather.com
123,Hayyim Macak,hmacak3e@amazonaws.com
124,Ronnie Ciciotti,rciciotti3f@nba.com
125,Emlyn Meneely,emeneely3g@purevolume.com
126,Lorilee Cristofano,lcristofano3h@google.com.br
127,Masha Cordeau,mcordeau3i@apple.com
128,Marlie Fear,mfear3j@xrea.com
129,Paula Groveham,pgroveham3k@joomla.org
130,Marcille Enterlein,menterlein3l@rediff.com
131,Hollyanne Eggleson,heggleson3m@epa.gov
132,Guido Matusiak,gmatusiak3n@examiner.com
133,Star Jellicorse,sjellicorse3o@fda.gov
134,Sandy Boath,sboath3p@cloudflare.com
135,Vere Nicholls,vnicholls3q@prnewswire.com
136,Lurline Chaikovski,lchaikovski3r@buzzfeed.com
137,Gerome Lamberto,glamberto3s@macromedia.com
138,Bax De Banke,bde3t@youku.com
139,Sheffy Warkup,swarkup3u@prweb.com
140,Wiatt Minchell,wminchell3v@nydailynews.com
141,Georgie Rohan,grohan3w@addtoany.com
142,Wanda Philps,wphilps3x@springer.com
143,Pier Dawton,pdawton3y@drupal.org
144,Nicholle Evitts,nevitts3z@rediff.com
145,Nadine Bartholin,nbartholin40@aboutads.info
146,Donovan Yushankin,dyushankin41@odnoklassniki.ru
147,Bryana Maslin,bmaslin42@dell.com
148,Gordy Greenhall,ggreenhall43@wunderground.com
149,Bridgette Barrand,bbarrand44@macromedia.com
150,Darline Tigwell,dtigwell45@who.int
151,Lanna Palay,lpalay46@youtube.com
152,Lurette Gartside,lgartside47@webeden.co.uk
153,Sena Loines,sloines48@google.ca
154,Julina Bourtoumieux,jbourtoumieux49@edublogs.org
155,Wynnie Gosdin,wgosdin4a@marriott.com
156,Carleton Taffe,ctaffe4b@cyberchimps.com
157,Lennard Mersey,lmersey4c@yellowbook.com
158,Cristiano Hughlin,chughlin4d@ezinearticles.com
159,Martita German,mgerman4e@cbslocal.com
160,Tomas Fackrell,tfackrell4f@so-net.ne.jp
161,Sofie De Few,sde4g@list-manage.com
162,Rhianon Chattock,rchattock4h@google.pl
163,Suzanne Sedgmond,ssedgmond4i@tmall.com
164,Allen Creggan,acreggan4j@spotify.com
165,Dallas Mea,dmea4k@clickbank.net
166,Antony Binstead,abinstead4l@uol.com.br
167,Mario Berthouloume,mberthouloume4m@redcross.org
168,Janenna Leal,jleal4n@telegraph.co.uk
169,Scotti Daft,sdaft4o@google.es
170,Jeanne Feehely,jfeehely4p@cornell.edu
171,Malena Dinwoodie,mdinwoodie4q@ibm.com
172,Jeane Feaveer,jfeaveer4r@webs.com
173,Delaney Lepper,dlepper4s@google.pl
174,Minne MacFarlan,mmacfarlan4t@dailymotion.com
175,Hesther Kemery,hkemery4u@squarespace.com
176,Byram Ruggles,bruggles4v@europa.eu
177,Darb Ronaldson,dronaldson4w@pagesperso-orange.fr
178,Andriette Pomfrey,apomfrey4x@apache.org
179,Hogan Tassel,htassel4y@naver.com
180,Rafaela Dukelow,rdukelow4z@theglobeandmail.com
181,Ophelia Stebbings,ostebbings50@nasa.gov
182,Leontine Coonan,lcoonan51@macromedia.com
183,Perri Idenden,pidenden52@timesonline.co.uk
184,Gregg Gathercoal,ggathercoal53@cornell.edu
185,Bernardine Strangman,bstrangman54@nature.com
186,Abdel Orford,aorford55@yahoo.co.jp
187,Mirelle Rathjen,mrathjen56@oaic.gov.au
188,Nathalia Saich,nsaich57@msn.com
189,Davidde Bullard,dbullard58@hexun.com
190,Evaleen Ringwood,eringwood59@house.gov
191,Red Isaacson,risaacson5a@boston.com
192,Tyler Placide,tplacide5b@yelp.com
193,Melony Frizzell,mfrizzell5c@infoseek.co.jp
194,Ina Thacker,ithacker5d@homestead.com
195,Roby Bunner,rbunner5e@histats.com
196,Nelly Gouinlock,ngouinlock5f@xing.com
197,Jan Farrier,jfarrier5g@google.com.hk
198,Lexy Sheber,lsheber5h@google.ca
199,Scarface Christaeas,schristaeas5i@hud.gov
200,Wyatt Vanyushin,wvanyushin5j@istockphoto.com
201,Gerrie Paton,gpaton5k@i2i.jp
202,Graeme Breem,gbreem5l@macromedia.com
203,Frederik Normanton,fnormanton5m@buzzfeed.com
204,Demeter Illwell,dillwell5n@microsoft.com
205,Joscelin Padmore,jpadmore5o@infoseek.co.jp
206,Bianka Bridgement,bbridgement5p@skype.com
207,Dimitry Dudley,ddudley5q@dedecms.com
208,Grady Seath,gseath5r@etsy.com
209,Reese Barthod,rbarthod5s@mlb.com
210,Ashla Mallebone,amallebone5t@topsy.com
211,Nedi Sumner,nsumner5u@timesonline.co.uk
212,Korney Isacsson,kisacsson5v@hexun.com
213,Glen Chevins,gchevins5w@goodreads.com
214,Haydon Crombleholme,hcrombleholme5x@jalbum.net
215,Esma Vidyapin,evidyapin5y@cbslocal.com
216,Vic Drews,vdrews5z@census.gov
217,Brose Luetkemeyer,bluetkemeyer60@ebay.co.uk
218,Laura Upwood,lupwood61@spotify.com
219,Hamnet Lipmann,hlipmann62@cam.ac.uk
220,Emmy Mansfield,emansfield63@nasa.gov
221,Filberte Beddows,fbeddows64@technorati.com
222,Gabriellia Englishby,genglishby65@omniture.com
223,Sigismund McMackin,smcmackin66@disqus.com
224,Kim Babbe,kbabbe67@imdb.com
225,Sherwin Thunder,sthunder68@geocities.jp
226,Romeo Hordle,rhordle69@mayoclinic.com
227,Renata Keighley,rkeighley6a@dropbox.com
228,Hilliary Jellyman,hjellyman6b@list-manage.com
229,Hermine Stonuary,hstonuary6c@exblog.jp
230,Calvin Burkett,cburkett6d@sciencedaily.com
231,Ario Johnes,ajohnes6e@issuu.com
232,Moises Choppen,mchoppen6f@google.cn
233,Ginny Latchford,glatchford6g@sina.com.cn
234,Rip Macconaghy,rmacconaghy6h@youtu.be
235,Leonanie De Nisco,lde6i@google.it
236,Francklyn Mitrikhin,fmitrikhin6j@biglobe.ne.jp
237,Deana Phinn,dphinn6k@msn.com
238,Jess O'Mara,jomara6l@ocn.ne.jp
239,Adolf Bickell,abickell6m@livejournal.com
240,Evangelin Hindrich,ehindrich6n@unc.edu
241,Bud Pilfold,bpilfold6o@about.me
242,Nikolas McKenney,nmckenney6p@mit.edu
243,Roth Hardern,rhardern6q@nydailynews.com
244,Jameson Birkin,jbirkin6r@bluehost.com
245,Matti Bowell,mbowell6s@booking.com
246,Lauretta Stanfield,lstanfield6t@upenn.edu
247,Brandea Darragh,bdarragh6u@squidoo.com
248,Verena Reasce,vreasce6v@w3.org
249,Reamonn Gilligan,rgilligan6w@google.fr
250,Grethel Eat,geat6x@jugem.jp
251,Elden Carverhill,ecarverhill6y@unc.edu
252,Shaina Blooman,sblooman6z@army.mil
253,Adolf Howton,ahowton70@cnbc.com
254,Asher Francescuzzi,afrancescuzzi71@cbsnews.com
255,Ilise Dockreay,idockreay72@nba.com
256,Natka Broadbury,nbroadbury73@gmpg.org
257,Queenie Butler,qbutler74@washingtonpost.com
258,Vivian Becaris,vbecaris75@mail.ru
259,Ryun Brumbie,rbrumbie76@nbcnews.com
260,Hort Filyukov,hfilyukov77@illinois.edu
261,Lindsey Lynds,llynds78@google.es
262,Carmelle Bortolozzi,cbortolozzi79@constantcontact.com
263,Shawnee ducarme,sducarme7a@cnbc.com
264,Jonathon Ganforthe,jganforthe7b@blogs.com
265,Katherina Durden,kdurden7c@wired.com
266,Freddi Heiner,fheiner7d@over-blog.com
267,Vinny Northin,vnorthin7e@washington.edu
268,Dyanna Clausen,dclausen7f@ihg.com
269,Bentlee Kleinhaus,bkleinhaus7g@privacy.gov.au
270,Carlynne Peiser,cpeiser7h@sakura.ne.jp
271,Nikki Bourley,nbourley7i@github.com
272,Stacy Shortell,sshortell7j@dedecms.com
273,Noble Riddlesden,nriddlesden7k@exblog.jp
274,Hymie McGregor,hmcgregor7l@mysql.com
275,Mimi Gairdner,mgairdner7m@globo.com
276,Jarvis Cyster,jcyster7n@engadget.com
277,Westleigh Derisley,wderisley7o@lycos.com
278,Martyn Skatcher,mskatcher7p@boston.com
279,Anabella Strand,astrand7q@unc.edu
280,Sylas Dennison,sdennison7r@ted.com
281,Carmen McGarvey,cmcgarvey7s@reddit.com
282,Rudolph Harmstone,rharmstone7t@forbes.com
283,Dagmar O' Markey,do7u@naver.com
284,Billie Iliffe,biliffe7v@com.com
285,Lucina Papa,lpapa7w@ucoz.ru
286,Gerardo Rhucroft,grhucroft7x@example.com
287,Marie-jeanne Philippard,mphilippard7y@addtoany.com
288,Juliann Gleeson,jgleeson7z@yahoo.com
289,Kacey Kilbourn,kkilbourn80@toplist.cz
290,Karin Pavyer,kpavyer81@slate.com
291,Antonia Ricardou,aricardou82@163.com
292,Cesaro Senett,csenett83@state.tx.us
293,Alister Aleswell,aaleswell84@scribd.com
294,Nikolas Coonihan,ncoonihan85@themeforest.net
295,Hendrika Pogue,hpogue86@yellowbook.com
296,Joeann Diddams,jdiddams87@sohu.com
297,Westbrook Hoovart,whoovart88@google.com.br
298,Christine Jeacocke,cjeacocke89@stumbleupon.com
299,Eugen Hogben,ehogben8a@delicious.com
300,Jamil Canedo,jcanedo8b@redcross.org
301,Arabelle Pollastrino,apollastrino8c@spotify.com
302,Monti Dioniso,mdioniso8d@booking.com
303,Ethelind Hargreves,ehargreves8e@t-online.de
304,Ethyl Sandeford,esandeford8f@istockphoto.com
305,Daryl Sargint,dsargint8g@opensource.org
306,Marybeth Pellatt,mpellatt8h@163.com
307,Dorolice Whitsun,dwhitsun8i@angelfire.com
308,Saudra Sarch,ssarch8j@pbs.org
309,Demetria Caig,dcaig8k@bandcamp.com
310,Dougie Matuszyk,dmatuszyk8l@shop-pro.jp
311,Christy Challice,cchallice8m@php.net
312,Blaire De Vries,bde8n@wisc.edu
313,Kristofor Bannerman,kbannerman8o@buzzfeed.com
314,Delmor Rumbelow,drumbelow8p@examiner.com
315,Tedi Ticksall,tticksall8q@google.co.jp
316,Parke Abramovitz,pabramovitz8r@cdc.gov
317,Shandie Kowalik,skowalik8s@dailymotion.com
318,Romola Dohms,rdohms8t@jigsy.com
319,Seumas Persehouse,spersehouse8u@wiley.com
320,Christiano Leggan,cleggan8v@comsenz.com
321,Kailey Tuckett,ktuckett8w@mapy.cz
322,Cris Kearley,ckearley8x@free.fr
323,Toinette Fitzmaurice,tfitzmaurice8y@xinhuanet.com
324,Phillipe Monketon,pmonketon8z@chronoengine.com
325,Vicky Bromilow,vbromilow90@senate.gov
326,Fancie Forst,fforst91@merriam-webster.com
327,Kaila Barnshaw,kbarnshaw92@biglobe.ne.jp
328,Karine Gosart,kgosart93@a8.net
329,Cherilyn Emmet,cemmet94@alexa.com
330,Leo Heister,lheister95@mail.ru
331,Vikki Copestake,vcopestake96@mtv.com
332,Lenee Taill,ltaill97@cdc.gov
333,Gill Sam,gsam98@g.co
334,Crawford Brewitt,cbrewitt99@multiply.com
335,Evelin Kuban,ekuban9a@indiatimes.com
336,Scarlet Niesel,sniesel9b@constantcontact.com
337,Biddy Stratley,bstratley9c@wikipedia.org
338,Rowney Lotze,rlotze9d@walmart.com
339,Karalynn Brannan,kbrannan9e@mediafire.com
340,Gayle Corroyer,gcorroyer9f@businessweek.com
341,Cherlyn Abrams,cabrams9g@bing.com
342,Brook Kinset,bkinset9h@reference.com
343,Alick Beevis,abeevis9i@blog.com
344,Barnaby Petrenko,bpetrenko9j@yahoo.co.jp
345,Tildi Hinkins,thinkins9k@booking.com
346,Josh O'Dulchonta,jodulchonta9l@sohu.com
347,Dalt Drinkhall,ddrinkhall9m@cdbaby.com
348,Louisa Houtbie,lhoutbie9n@pen.io
349,Chick Minchin,cminchin9o@issuu.com
350,Miran Droogan,mdroogan9p@globo.com
351,Brita Booker,bbooker9q@cbslocal.com
352,Berenice Mumbray,bmumbray9r@ameblo.jp
353,Chery Ticehurst,cticehurst9s@google.cn
354,Arlan Oxe,aoxe9t@mysql.com
355,Dominik Cheves,dcheves9u@digg.com
356,Konstanze Bingell,kbingell9v@booking.com
357,Elaine Wyke,ewyke9w@topsy.com
358,Blair Brandassi,bbrandassi9x@freewebs.com
359,Durward Caramuscia,dcaramuscia9y@mashable.com
360,Jamesy Mintoft,jmintoft9z@cbsnews.com
361,Ferrell Tweedell,ftweedella0@webs.com
362,Teodorico Dwelling,tdwellinga1@delicious.com
363,Cirilo Videan,cvideana2@tinypic.com
364,Elisha Gartenfeld,egartenfelda3@answers.com
365,Elias Stonbridge,estonbridgea4@youtube.com
366,Homerus Tunnicliff,htunnicliffa5@blogtalkradio.com
367,Jsandye Jeaves,jjeavesa6@comsenz.com
368,Adrea Krimmer,akrimmera7@tmall.com
369,Edgard Thalmann,ethalmanna8@imgur.com
370,Boycie Pendlenton,bpendlentona9@pen.io
371,Ermengarde Mancktelow,emancktelowaa@amazon.co.uk
372,Armand Flook,aflookab@msn.com
373,Giulio Passmore,gpassmoreac@infoseek.co.jp
374,Lee Gutman,lgutmanad@1und1.de
375,Truda Plowes,tplowesae@ustream.tv
376,Marquita Castellino,mcastellinoaf@smugmug.com
377,Claudianus Stripling,cstriplingag@plala.or.jp
378,Kristopher Messer,kmesserah@facebook.com
379,Alic Fandrich,afandrichai@taobao.com
380,Giavani Basili,gbasiliaj@eventbrite.com
381,Kayne Gear,kgearak@infoseek.co.jp
382,Kelvin Simms,ksimmsal@163.com
383,Clarence Izakof,cizakofam@sbwire.com
384,Evita Symonds,esymondsan@mysql.com
385,Hugo Vasenin,hvaseninao@elegantthemes.com
386,Gwenora Kleinberer,gkleinbererap@creativecommons.org
387,Viviana Osbidston,vosbidstonaq@time.com
388,Wendeline Joll,wjollar@wiley.com
389,Alika Marcq,amarcqas@jiathis.com
390,Willa Missington,wmissingtonat@economist.com
391,Murvyn Sayce,msayceau@earthlink.net
392,Jessica MacVay,jmacvayav@earthlink.net
393,Danni Lambart,dlambartaw@example.com
394,Letizia Minor,lminorax@webmd.com
395,Ripley Mulvin,rmulvinay@cbsnews.com
396,Cherilynn Bauld,cbauldaz@timesonline.co.uk
397,Bent Jodkowski,bjodkowskib0@state.gov
398,Sonya Penfold,spenfoldb1@webeden.co.uk
399,Aidan Hallaways,ahallawaysb2@prnewswire.com
400,Stuart Ings,singsb3@paginegialle.it
401,Sophie Giacobbo,sgiacobbob4@fc2.com
402,Ciro Tweedie,ctweedieb5@google.es
403,Gonzalo Marjot,gmarjotb6@shop-pro.jp
404,Zaneta Chillcot,zchillcotb7@google.ru
405,Anna-diane Bruggen,abruggenb8@webnode.com
406,Elliot Drakeley,edrakeleyb9@wunderground.com
407,Cassie Eingerfield,ceingerfieldba@forbes.com
408,Eberto Copley,ecopleybb@scribd.com
409,Roda Merdew,rmerdewbc@ask.com
410,Boigie Ditt,bdittbd@cafepress.com
411,Taffy Gravet,tgravetbe@bigcartel.com
412,Camel Edser,cedserbf@state.tx.us
413,Shalne Barstock,sbarstockbg@themeforest.net
414,Manuel Azema,mazemabh@xrea.com
415,Gabby Enser,genserbi@altervista.org
416,Art Ayliff,aayliffbj@microsoft.com
417,Stern Shattock,sshattockbk@sohu.com
418,Jacquette Foulser,jfoulserbl@a8.net
419,Orville Hinze,ohinzebm@cafepress.com
420,Allayne Bree,abreebn@over-blog.com
421,Falito Beet,fbeetbo@irs.gov
422,Lavinie Rackam,lrackambp@wikimedia.org
423,Jacquelyn Whittall,jwhittallbq@slate.com
424,Rik Leap,rleapbr@arizona.edu
425,Clarette Derr,cderrbs@weebly.com
426,Brander Striker,bstrikerbt@businessweek.com
427,Wolfy Ferraro,wferrarobu@creativecommons.org
428,Taryn McHan,tmchanbv@ed.gov
429,Abie Heap,aheapbw@acquirethisname.com
430,Kellsie Merfin,kmerfinbx@nationalgeographic.com
431,Judon Gulliver,jgulliverby@spiegel.de
432,Baryram Lambard,blambardbz@histats.com
433,Davidde Domniney,ddomnineyc0@whitehouse.gov
434,Angy Walaron,awalaronc1@omniture.com
435,Kris Cornner,kcornnerc2@mayoclinic.com
436,Abby Stenet,astenetc3@barnesandnoble.com
437,Amara Pratchett,apratchettc4@shutterfly.com
438,Doroteya Seiler,dseilerc5@nyu.edu
439,Joan Gowdy,jgowdyc6@businessweek.com
440,Yale Wearn,ywearnc7@seattletimes.com
441,Desmund Jannaway,djannawayc8@xing.com
442,Jacky Palay,jpalayc9@livejournal.com
443,Laverna Dowsing,ldowsingca@washington.edu
444,Alic Tawn,atawncb@youku.com
445,Wilbert Laird-Craig,wlairdcraigcc@yelp.com
446,Shanon Radford,sradfordcd@xinhuanet.com
447,Donelle Wavell,dwavellce@tinyurl.com
448,Sukey Broadbridge,sbroadbridgecf@artisteer.com
449,Annette Mebs,amebscg@sbwire.com
450,Adora Kiljan,akiljanch@google.co.uk
451,Boyd Aslam,baslamci@yelp.com
452,Will Saterthwait,wsaterthwaitcj@ning.com
453,Gibby Temperley,gtemperleyck@goo.gl
454,Morgana Holliar,mholliarcl@surveymonkey.com
455,Franky Swiers,fswierscm@nature.com
456,Kiersten Bastiman,kbastimancn@behance.net
457,Kirby Held,kheldco@feedburner.com
458,Davy Thornham,dthornhamcp@hostgator.com
459,Ann-marie Rankine,arankinecq@upenn.edu
460,Derrick Sanbroke,dsanbrokecr@admin.ch
461,Briney Walklott,bwalklottcs@scribd.com
462,Suzanne Hayter,shayterct@go.com
463,Stacee Titford,stitfordcu@opera.com
464,Jean Gosling,jgoslingcv@behance.net
465,Fulton Berdale,fberdalecw@google.com.hk
466,Papageno Beevis,pbeeviscx@smh.com.au
467,Alric Indgs,aindgscy@youtu.be
468,Pasquale Snedker,psnedkercz@vistaprint.com
469,Tessy Lillgard,tlillgardd0@merriam-webster.com
470,Gerry Bullivant,gbullivantd1@plala.or.jp
471,Tremayne Robelet,trobeletd2@usda.gov
472,Pepito Maric,pmaricd3@wired.com
473,Ram Newlands,rnewlandsd4@yahoo.co.jp
474,Merrili Hacun,mhacund5@bandcamp.com
475,Domenic Guys,dguysd6@amazon.de
476,Noemi Yashanov,nyashanovd7@noaa.gov
477,Alden Nestoruk,anestorukd8@deliciousdays.com
478,Dee dee Leathwood,ddeed9@who.int
479,Shirlee Bore,sboreda@simplemachines.org
480,Gayle Grimsdell,ggrimsdelldb@marriott.com
481,George Cutill,gcutilldc@cbsnews.com
482,Dannie Thunderman,dthundermandd@hao123.com
483,Karyn Rosenhaupt,krosenhauptde@vk.com
484,Rozalin Hyslop,rhyslopdf@squarespace.com
485,Birk Steinhammer,bsteinhammerdg@pen.io
486,Clara Levin,clevindh@drupal.org
487,Eolande Hollingby,ehollingbydi@answers.com
488,Jerry Yoseloff,jyoseloffdj@flickr.com
489,Krishna Oldford,koldforddk@redcross.org
490,Mark Chastel,mchasteldl@blogs.com
491,Guglielma Suttell,gsuttelldm@prlog.org
492,Sancho Eake,seakedn@t-online.de
493,Diarmid Clemetts,dclemettsdo@imageshack.us
494,Millie Moran,mmorandp@bravesites.com
495,Kerr Cosby,kcosbydq@comsenz.com
496,Guinna Tiebe,gtiebedr@arstechnica.com
497,Clio Brookshaw,cbrookshawds@list-manage.com
498,Francesco Gilliland,fgillilanddt@vk.com
499,Tymon Joul,tjouldu@over-blog.com
500,Nanice McCloughen,nmccloughendv@cdbaby.com
501,Richard Hutchason,rhutchasondw@lycos.com
502,Stan Canet,scanetdx@springer.com
503,Welby Burgane,wburganedy@youku.com
504,Linn Redington,lredingtondz@dailymotion.com
505,Alvan Langran,alangrane0@youtu.be
506,Alexina Rozycki,arozyckie1@com.com
507,Kinnie Gawne,kgawnee2@pinterest.com
508,Artemas Fearney,afearneye3@globo.com
509,Brandon Emblem,bembleme4@quantcast.com
510,Loni Farrand,lfarrande5@slideshare.net
511,Travus Giffen,tgiffene6@theguardian.com
512,Evangelina Paulot,epaulote7@berkeley.edu
513,Sande Ayres,sayrese8@gnu.org
514,Marna McLeary,mmclearye9@mail.ru
515,Catlaina Krier,ckrierea@miibeian.gov.cn
516,Jim Harkes,jharkeseb@dailymail.co.uk
517,Franni Atkyns,fatkynsec@webs.com
518,Cecilla Dalzell,cdalzelled@tumblr.com
519,Ingmar Batrop,ibatropee@state.tx.us
520,Maxine Benazet,mbenazetef@phoca.cz
521,Dore Brumen,dbrumeneg@diigo.com
522,Jeana Denyakin,jdenyakineh@about.com
523,Patton Rottcher,prottcherei@amazon.co.jp
524,Susana Goodyer,sgoodyerej@engadget.com
525,Jeralee Selborne,jselborneek@go.com
526,Dudley McMurty,dmcmurtyel@businesswire.com
527,Bourke Flew,bflewem@phpbb.com
528,Gerrilee Bloan,gbloanen@webnode.com
529,Gearalt Mordan,gmordaneo@msu.edu
530,Claudina Quodling,cquodlingep@plala.or.jp
531,Candida Mullinder,cmullindereq@oakley.com
532,Shela Throssell,sthrosseller@geocities.com
533,Beverie Strelitzki,bstrelitzkies@angelfire.com
534,Urson Blinder,ublinderet@ow.ly
535,Velvet MacWhan,vmacwhaneu@wisc.edu
536,Jonathon Sadat,jsadatev@posterous.com
537,Lulu Dionisetti,ldionisettiew@chicagotribune.com
538,Matias Dacey,mdaceyex@zdnet.com
539,Horatius MacCartney,hmaccartneyey@ask.com
540,Melessa Deshon,mdeshonez@usgs.gov
541,Perry Christiensen,pchristiensenf0@loc.gov
542,Griffith Djurevic,gdjurevicf1@creativecommons.org
543,Donavon Raunds,draundsf2@independent.co.uk
544,Ginevra Blodget,gblodgetf3@edublogs.org
545,Easter Beagin,ebeaginf4@adobe.com
546,Connie Skuce,cskucef5@rakuten.co.jp
547,Sherry Pieper,spieperf6@mozilla.com
548,Ibbie Alvarado,ialvaradof7@umn.edu
549,Trace Bench,tbenchf8@netscape.com
550,Tandie Siviour,tsiviourf9@uol.com.br
551,Ivette Shelmerdine,ishelmerdinefa@so-net.ne.jp
552,Bastien Dowber,bdowberfb@live.com
553,Hilliard Querree,hquerreefc@bluehost.com
554,Maureen Mattiato,mmattiatofd@wikipedia.org
555,Adi Dufer,aduferfe@google.com.hk
556,Dorree Gildroy,dgildroyff@fema.gov
557,Moselle Perfili,mperfilifg@wikipedia.org
558,Miles Legendre,mlegendrefh@nydailynews.com
559,Vassili Worral,vworralfi@ibm.com
560,Abram Balling,aballingfj@smh.com.au
561,Margareta Kybird,mkybirdfk@meetup.com
562,Osmund Chuter,ochuterfl@taobao.com
563,Abby Yeats,ayeatsfm@ft.com
564,Clywd Rolinson,crolinsonfn@columbia.edu
565,Les Stolle,lstollefo@example.com
566,Barthel Tinghill,btinghillfp@marriott.com
567,Kinnie Heggison,kheggisonfq@seattletimes.com
568,Neron Matuszinski,nmatuszinskifr@shinystat.com
569,Lisette Denne,ldennefs@csmonitor.com
570,Baillie Clausewitz,bclausewitzft@about.me
571,Abbey Braunle,abraunlefu@behance.net
572,Clarie Coare,ccoarefv@home.pl
573,Dale Dmisek,ddmisekfw@angelfire.com
574,Ambrosius Conant,aconantfx@berkeley.edu
575,Lamond Sommersett,lsommersettfy@bbb.org
576,Anna Lofting,aloftingfz@desdev.cn
577,Nikolaus Halksworth,nhalksworthg0@over-blog.com
578,Kaila Christensen,kchristenseng1@dyndns.org
579,Cheryl Clemmens,cclemmensg2@ameblo.jp
580,Garland O'Sheeryne,gosheeryneg3@simplemachines.org
581,Roderic Cultcheth,rcultchethg4@unicef.org
582,Dal Pre,dpreg5@rediff.com
583,Mandie Cowdry,mcowdryg6@ocn.ne.jp
584,Leta Calterone,lcalteroneg7@amazon.co.uk
585,Huberto Rounding,hroundingg8@rediff.com
586,Rosabel Blamey,rblameyg9@hibu.com
587,Sholom Hulson,shulsonga@salon.com
588,Devin Burgoine,dburgoinegb@canalblog.com
589,Dougy Tinniswood,dtinniswoodgc@gnu.org
590,Palmer Jilkes,pjilkesgd@ebay.com
591,Honor Esplin,hesplinge@stanford.edu
592,Son Rebanks,srebanksgf@studiopress.com
593,Tully Pallesen,tpallesengg@craigslist.org
594,Alicia Herculeson,aherculesongh@ucoz.com
595,Leonerd Luckey,lluckeygi@1688.com
596,Nelle Baudinot,nbaudinotgj@ehow.com
597,Fay Chanson,fchansongk@reference.com
598,Phineas Klossek,pklossekgl@craigslist.org
599,Shepperd Assandri,sassandrigm@foxnews.com
600,Cello Ferronier,cferroniergn@washingtonpost.com
601,Phillip MacAnespie,pmacanespiego@furl.net
602,Darell Depper,ddeppergp@slate.com
603,Clayton Caspell,ccaspellgq@wikimedia.org
604,Avis Troucher,atrouchergr@yahoo.com
605,Jonis Northgraves,jnorthgravesgs@mapquest.com
606,Reinaldo Frayn,rfrayngt@godaddy.com
607,Adria Courtese,acourtesegu@jimdo.com
608,Rachele Thompstone,rthompstonegv@usda.gov
609,Loralyn Flanagan,lflanagangw@tripod.com
610,Marie-ann Bowmen,mbowmengx@alibaba.com
611,Scotty Philcox,sphilcoxgy@usatoday.com
612,Dory Songer,dsongergz@unc.edu
613,Manny Penwarden,mpenwardenh0@reference.com
614,Eduardo McFayden,emcfaydenh1@disqus.com
615,Coralyn Hynam,chynamh2@sogou.com
616,Flora Damant,fdamanth3@home.pl
617,Mela Huster,mhusterh4@com.com
618,Calypso Vance,cvanceh5@opera.com
619,Anjela Barzen,abarzenh6@cnn.com
620,Magdalen Gresty,mgrestyh7@liveinternet.ru
621,Brew O'Hagerty,bohagertyh8@twitpic.com
622,Joseph Vairow,jvairowh9@mit.edu
623,Dee Valois,dvaloisha@noaa.gov
624,Mano Bussetti,mbussettihb@usgs.gov
625,Temp Searson,tsearsonhc@meetup.com
626,Belva Jenno,bjennohd@narod.ru
627,Brunhilde Jiles,bjileshe@mapquest.com
628,Forrester Dudding,fduddinghf@4shared.com
629,Fairlie Trotton,ftrottonhg@reddit.com
630,Oliy Cornbill,ocornbillhh@123-reg.co.uk
631,Aime Plues,aplueshi@sogou.com
632,Marmaduke Dwine,mdwinehj@disqus.com
633,Lisette Lisciandri,llisciandrihk@toplist.cz
634,Barbra Errichelli,berrichellihl@disqus.com
635,Talyah Conningham,tconninghamhm@ucsd.edu
636,Bern Wolstencroft,bwolstencrofthn@patch.com
637,Alric Husbands,ahusbandsho@chron.com
638,Ana Ker,akerhp@bloomberg.com
639,Ganny Landre,glandrehq@youtube.com
640,Kristel Rusk,kruskhr@nymag.com
641,Elysha Vickers,evickershs@comcast.net
642,Bale Obal,bobalht@va.gov
643,Imelda Dionis,idionishu@google.ca
644,Vittorio Shearer,vshearerhv@friendfeed.com
645,Cari Keitch,ckeitchhw@fda.gov
646,Kennett Eady,keadyhx@wufoo.com
647,Bone Ladbrooke,bladbrookehy@xing.com
648,Royce Hamill,rhamillhz@purevolume.com
649,Martha Giorgiutti,mgiorgiuttii0@youtube.com
650,Nicolina MacKnockiter,nmacknockiteri1@yolasite.com
651,Ely Fernie,eferniei2@wisc.edu
652,Blakelee Froom,bfroomi3@mapy.cz
653,Hyman Farnon,hfarnoni4@example.com
654,Boote Doche,bdochei5@ezinearticles.com
655,Marguerite Lacer,mlaceri6@amazon.co.uk
656,Madonna Brushfield,mbrushfieldi7@sun.com
657,Consuelo Shivell,cshivelli8@webs.com
658,Napoleon Caren,ncareni9@cisco.com
659,Frederik McGlew,fmcglewia@china.com.cn
660,Aloise Bennallck,abennallckib@spotify.com
661,Robbi Pabel,rpabelic@constantcontact.com
662,Bogart Littledyke,blittledykeid@tripadvisor.com
663,Sean Stackbridge,sstackbridgeie@ed.gov
664,Avril McLice,amcliceif@privacy.gov.au
665,Fabien Duffree,fduffreeig@google.cn
666,Cleon Santen,csantenih@mapquest.com
667,Titos Balazs,tbalazsii@artisteer.com
668,Kelila Heart,kheartij@phoca.cz
669,Mallorie Pursey,mpurseyik@quantcast.com
670,Maryellen Blakey,mblakeyil@who.int
671,Retha Sessuns,rsessunsim@themeforest.net
672,Giustina Janowski,gjanowskiin@forbes.com
673,Loni Robbins,lrobbinsio@ebay.co.uk
674,Lory Jozsa,ljozsaip@amazon.co.uk
675,Toddie McKendo,tmckendoiq@biblegateway.com
676,Symon Remirez,sremirezir@java.com
677,Tish Carnaman,tcarnamanis@aboutads.info
678,Merwyn Robers,mrobersit@1688.com
679,Tasia McIlwain,tmcilwainiu@surveymonkey.com
680,Andrey Buzza,abuzzaiv@vistaprint.com
681,Thibaut Sudworth,tsudworthiw@myspace.com
682,Shell Whanstall,swhanstallix@themeforest.net
683,Valma Meneely,vmeneelyiy@ft.com
684,Celinka Rippon,cripponiz@macromedia.com
685,Allsun Windows,awindowsj0@techcrunch.com
686,Othilie Daughtry,odaughtryj1@fda.gov
687,Frank Tennant,ftennantj2@harvard.edu
688,Hart Eastgate,heastgatej3@baidu.com
689,Duffie Postlethwaite,dpostlethwaitej4@oakley.com
690,Jackie Crilley,jcrilleyj5@xrea.com
691,Byrom Foxall,bfoxallj6@gnu.org
692,Adrea Duffy,aduffyj7@tuttocitta.it
693,Marys Snodin,msnodinj8@ebay.co.uk
694,Tod Eskriet,teskrietj9@icio.us
695,Imojean Kemery,ikemeryja@admin.ch
696,Vernor Hattam,vhattamjb@yahoo.co.jp
697,Ansley Teacy,ateacyjc@opensource.org
698,Mark Tremethack,mtremethackjd@ehow.com
699,Katrina Leglise,klegliseje@flickr.com
700,Jedediah Harmar,jharmarjf@parallels.com
701,Gabbi Nansom,gnansomjg@arstechnica.com
702,Alfie Kitt,akittjh@independent.co.uk
703,Cornelia Maddrah,cmaddrahji@technorati.com
704,Hagen Spehr,hspehrjj@angelfire.com
705,Corrie Barringer,cbarringerjk@usa.gov
706,Marv Penley,mpenleyjl@businesswire.com
707,Vic Pask,vpaskjm@google.co.uk
708,Emelina Dunton,eduntonjn@house.gov
709,Audrye Priver,apriverjo@archive.org
710,Stavro Duckels,sduckelsjp@flickr.com
711,Kendrick Shark,ksharkjq@bravesites.com
712,Hernando Ghidoli,hghidolijr@tmall.com
713,Liza Scrammage,lscrammagejs@wikia.com
714,Sylvan Gullivan,sgullivanjt@studiopress.com
715,Junie Uzzell,juzzellju@google.com.au
716,Pooh Vel,pveljv@mail.ru
717,Zach Lohan,zlohanjw@psu.edu
718,Dominga Levison,dlevisonjx@angelfire.com
719,Cody Chartres,cchartresjy@discovery.com
720,Timoteo Vicioso,tviciosojz@163.com
721,Ali Seiffert,aseiffertk0@google.nl
722,Sonia Jansey,sjanseyk1@diigo.com
723,Cicely ducarme,cducarmek2@globo.com
724,Bessie Eddis,beddisk3@imgur.com
725,Milena Vamplus,mvamplusk4@wp.com
726,Paolina Cullington,pcullingtonk5@foxnews.com
727,Dre Goodhew,dgoodhewk6@mit.edu
728,Ely Solleme,esollemek7@sakura.ne.jp
729,Babara Webling,bweblingk8@who.int
730,Peggy Davidov,pdavidovk9@ebay.co.uk
731,Matthieu McCaughey,mmccaugheyka@w3.org
732,Abdul Roddan,aroddankb@msn.com
733,Bancroft Childes,bchildeskc@engadget.com
734,Pietra Brock,pbrockkd@multiply.com
735,Katuscha Gilman,kgilmanke@latimes.com
736,Bidget Palphramand,bpalphramandkf@twitter.com
737,Candice Towersey,ctowerseykg@wired.com
738,Gilburt Geeves,ggeeveskh@youtube.com
739,Samuel Roiz,sroizki@sciencedaily.com
740,Sophia Shambroke,sshambrokekj@bravesites.com
741,Happy Norvell,hnorvellkk@comcast.net
742,Winfield Suggett,wsuggettkl@a8.net
743,Izzy Savile,isavilekm@disqus.com
744,Roldan Braddock,rbraddockkn@jigsy.com
745,Iago Faley,ifaleyko@unicef.org
746,Giff Raynham,graynhamkp@census.gov
747,Merv Fabbri,mfabbrikq@thetimes.co.uk
748,Lance Tetlow,ltetlowkr@washingtonpost.com
749,Francois Gallant,fgallantks@google.co.uk
750,Carlie Mengo,cmengokt@omniture.com
751,Rodi Antecki,ranteckiku@chronoengine.com
752,Jamaal Bewicke,jbewickekv@slate.com
753,Quinlan Liddon,qliddonkw@facebook.com
754,Gianni Goldhill,ggoldhillkx@opera.com
755,Sanders Kernell,skernellky@imgur.com
756,Hayyim Reveland,hrevelandkz@ucla.edu
757,Ronni Strathdee,rstrathdeel0@china.com.cn
758,Coral Rushby,crushbyl1@nasa.gov
759,Glenna Dillway,gdillwayl2@webmd.com
760,Antonius Cropp,acroppl3@umn.edu
761,Silvia Jeffray,sjeffrayl4@newsvine.com
762,Yuri Jedrychowski,yjedrychowskil5@google.co.uk
763,Janeva Oxborough,joxboroughl6@naver.com
764,Felipe Maso,fmasol7@a8.net
765,Rogers Lerer,rlererl8@photobucket.com
766,Jobi di Rocca,jdil9@liveinternet.ru
767,Martainn Golborne,mgolbornela@nature.com
768,Loralyn Browning,lbrowninglb@usatoday.com
769,Bryn Clemmens,bclemmenslc@alexa.com
770,Raffaello Lintot,rlintotld@wisc.edu
771,Inna Odo,iodole@mapquest.com
772,Odelle Edelston,oedelstonlf@ycombinator.com
773,Sholom Alcorn,salcornlg@gravatar.com
774,Stanton Lovstrom,slovstromlh@oaic.gov.au
775,Ursulina Ruilton,uruiltonli@sourceforge.net
776,Packston Dredge,pdredgelj@usnews.com
777,Olivia McKirton,omckirtonlk@fema.gov
778,Dacey Youngs,dyoungsll@deviantart.com
779,Christalle Ivermee,civermeelm@salon.com
780,Siusan Queyeiro,squeyeiroln@twitter.com
781,Virgina Baldcock,vbaldcocklo@gizmodo.com
782,Purcell Weems,pweemslp@epa.gov
783,Violette Dietz,vdietzlq@mayoclinic.com
784,Tabbi Warburton,twarburtonlr@xing.com
785,Cookie Peak,cpeakls@cisco.com
786,Lawrence Dumbrell,ldumbrelllt@admin.ch
787,Torin Crighten,tcrightenlu@altervista.org
788,Daria Keaveny,dkeavenylv@weibo.com
789,Dorri Demeter,ddemeterlw@bravesites.com
790,Daloris Motten,dmottenlx@artisteer.com
791,Terra Olifard,tolifardly@uol.com.br
792,Anselma Antognoni,aantognonilz@fotki.com
793,Anitra Elliott,aelliottm0@jigsy.com
794,Caryl Jerson,cjersonm1@latimes.com
795,Brigid Lieber,blieberm2@skype.com
796,Nerita Antosik,nantosikm3@zdnet.com
797,Etan Baldam,ebaldamm4@webeden.co.uk
798,Byron Cauley,bcauleym5@nps.gov
799,Hillie Rockall,hrockallm6@is.gd
800,Helen-elizabeth Merigeau,hmerigeaum7@weather.com
801,Brunhilda Milton,bmiltonm8@yellowpages.com
802,Suki Greenall,sgreenallm9@yellowpages.com
803,Sibeal Frean,sfreanma@blogtalkradio.com
804,Ester Sutherley,esutherleymb@360.cn
805,Sumner Radbourn,sradbournmc@chron.com
806,Prue MacConnal,pmacconnalmd@wp.com
807,Ron Mowsley,rmowsleyme@ow.ly
808,Keri Wallworth,kwallworthmf@issuu.com
809,Celinka Carrington,ccarringtonmg@dedecms.com
810,Ignacio Powrie,ipowriemh@canalblog.com
811,Emelina Bortolussi,ebortolussimi@dmoz.org
812,Reinaldo Dundridge,rdundridgemj@noaa.gov
813,Angy Petworth,apetworthmk@tiny.cc
814,Hussein Gormally,hgormallyml@examiner.com
815,Adrea Rickson,aricksonmm@skype.com
816,Seth Cullity,scullitymn@odnoklassniki.ru
817,Tersina Jakuszewski,tjakuszewskimo@prweb.com
818,Nadean Ledgerton,nledgertonmp@hao123.com
819,Rosamund Ainsby,rainsbymq@time.com
820,Perla Lukovic,plukovicmr@reuters.com
821,Anna-maria Simounet,asimounetms@google.es
822,Dolores Garn,dgarnmt@w3.org
823,Saunders Mort,smortmu@nhs.uk
824,Asia Pavelka,apavelkamv@yahoo.co.jp
825,Boot Danniel,bdannielmw@archive.org
826,Nancie Bairnsfather,nbairnsfathermx@blogtalkradio.com
827,Marguerite Rope,mropemy@t.co
828,Elysia Harries,eharriesmz@cnet.com
829,Ambrose McKaile,amckailen0@friendfeed.com
830,Justino Wichard,jwichardn1@exblog.jp
831,Miran McMurtyr,mmcmurtyrn2@discovery.com
832,Averil Hammerson,ahammersonn3@europa.eu
833,Gilbertina Turfin,gturfinn4@mlb.com
834,Antonella Van Der Vlies,avann5@biblegateway.com
835,Harv Nelhams,hnelhamsn6@bbc.co.uk
836,Peyton Besset,pbessetn7@ifeng.com
837,Sioux Loughnan,sloughnann8@boston.com
838,Syd Kassman,skassmann9@reverbnation.com
839,Xymenes Bratcher,xbratcherna@foxnews.com
840,Aprilette Martina,amartinanb@goodreads.com
841,Aguie Nyssens,anyssensnc@goo.ne.jp
842,Rolf Geggie,rgeggiend@bloglovin.com
843,Oby Wreath,owreathne@intel.com
844,Liva Fittis,lfittisnf@sakura.ne.jp
845,Irma Djurisic,idjurisicng@facebook.com
846,Niki Hartin,nhartinnh@umn.edu
847,Elinor Kolak,ekolakni@dot.gov
848,Brant Brownsmith,bbrownsmithnj@amazon.co.jp
849,Celina Pennazzi,cpennazzink@freewebs.com
850,Randy MacEnelly,rmacenellynl@facebook.com
851,Georgia Hackelton,ghackeltonnm@apache.org
852,Gustaf Schruurs,gschruursnn@samsung.com
853,Harp Fieller,hfiellerno@illinois.edu
854,Chiquita O'Beirne,cobeirnenp@simplemachines.org
855,Vinnie Hamill,vhamillnq@imdb.com
856,Joseito Ivins,jivinsnr@stanford.edu
857,Elene Gatchel,egatchelns@npr.org
858,Maryjane Yitshak,myitshaknt@va.gov
859,Cirilo Axby,caxbynu@samsung.com
860,Dulcie Illingworth,dillingworthnv@hc360.com
861,Aggy Redihough,aredihoughnw@irs.gov
862,Caryn Graveney,cgraveneynx@psu.edu
863,Fredric Harbour,fharbourny@zimbio.com
864,Arly Ogbourne,aogbournenz@bbb.org
865,Nikolaos Lewtey,nlewteyo0@t.co
866,Derron Rosnau,drosnauo1@exblog.jp
867,Lalo Boulds,lbouldso2@shinystat.com
868,Lisetta Saffon,lsaffono3@marriott.com
869,Marna Rumbelow,mrumbelowo4@spotify.com
870,Terri Chevin,tchevino5@phpbb.com
871,Moises Timoney,mtimoneyo6@about.com
872,Baudoin Valeri,bvalerio7@adobe.com
873,Sibylla Labrone,slabroneo8@nymag.com
874,Garland Duncanson,gduncansono9@reddit.com
875,Dallis Ravillas,dravillasoa@cnbc.com
876,Teirtza Drummer,tdrummerob@comcast.net
877,Port Stranahan,pstranahanoc@sciencedaily.com
878,Gunar Melson,gmelsonod@fotki.com
879,Elfrida Hintze,ehintzeoe@omniture.com
880,Garold Debold,gdeboldof@newyorker.com
881,Charisse Chomley,cchomleyog@devhub.com
882,Mikey Lescop,mlescopoh@storify.com
883,Harlene Grimwood,hgrimwoodoi@etsy.com
884,Alverta Curnucke,acurnuckeoj@dailymotion.com
885,Sarina Jaszczak,sjaszczakok@multiply.com
886,Casar Swanbourne,cswanbourneol@weebly.com
887,Wells Hearfield,whearfieldom@mozilla.com
888,Alard Hoff,ahoffon@washington.edu
889,Daphne Kob,dkoboo@paypal.com
890,Kimberlyn Kirkebye,kkirkebyeop@github.io
891,Anastasia Grunder,agrunderoq@mediafire.com
892,Reuven Betancourt,rbetancourtor@eventbrite.com
893,Herbie Huffa,hhuffaos@bravesites.com
894,Grantley Lanfear,glanfearot@nhs.uk
895,Jamesy Arnoult,jarnoultou@nyu.edu
896,Richart MacDearmid,rmacdearmidov@home.pl
897,Yevette Stollberg,ystollbergow@walmart.com
898,Annette Tidy,atidyox@fastcompany.com
899,Gard Wark,gwarkoy@quantcast.com
900,Gery Dimanche,gdimancheoz@stanford.edu
901,Christin Jina,cjinap0@reverbnation.com
902,Augustina Bilsford,abilsfordp1@nature.com
903,Archambault Bayston,abaystonp2@theglobeandmail.com
904,Dewitt Baudoux,dbaudouxp3@last.fm
905,Guillemette le Keux,glep4@goodreads.com
906,Kean Evensden,kevensdenp5@hibu.com
907,Arabella Sprionghall,asprionghallp6@reference.com
908,Stanford Vasyukov,svasyukovp7@un.org
909,Dacia Oke,dokep8@bloomberg.com
910,Cameron Hardway,chardwayp9@cargocollective.com
911,Cheslie Loreit,cloreitpa@jiathis.com
912,Thebault Whewill,twhewillpb@sitemeter.com
913,Allx Cooley,acooleypc@ustream.tv
914,Ronny Emmines,remminespd@qq.com
915,Wallie Winship,wwinshippe@nih.gov
916,Isabelita Anscombe,ianscombepf@shutterfly.com
917,Carie Dunkerton,cdunkertonpg@weibo.com
918,Karlen Mossom,kmossomph@list-manage.com
919,Ashly Elesander,aelesanderpi@blog.com
920,Neely Focke,nfockepj@cnbc.com
921,Clarance Sillitoe,csillitoepk@epa.gov
922,Berti Turmall,bturmallpl@admin.ch
923,Mano Fawssett,mfawssettpm@homestead.com
924,Alvie Ohanessian,aohanessianpn@nsw.gov.au
925,Farlay Giacopetti,fgiacopettipo@stumbleupon.com
926,Virge Beteriss,vbeterisspp@webmd.com
927,Diandra Yakovlev,dyakovlevpq@who.int
928,Tina Horrell,thorrellpr@arstechnica.com
929,Stella Bachelar,sbachelarps@usgs.gov
930,Lewie Candlin,lcandlinpt@people.com.cn
931,Hadlee Shrimplin,hshrimplinpu@accuweather.com
932,Vanessa Whitnall,vwhitnallpv@xing.com
933,Edee Leyburn,eleyburnpw@technorati.com
934,Cristabel Redmire,credmirepx@cam.ac.uk
935,Dominique Greenly,dgreenlypy@cnet.com
936,Dan Aldersea,dalderseapz@boston.com
937,Carmelle Simonite,csimoniteq0@rambler.ru
938,Malinda Kershaw,mkershawq1@github.com
939,Sherilyn Rubinlicht,srubinlichtq2@homestead.com
940,Leonie Sandford,lsandfordq3@go.com
941,Vaclav Folker,vfolkerq4@i2i.jp
942,Elfrieda Phelip,ephelipq5@house.gov
943,Ram Dowty,rdowtyq6@multiply.com
944,Ruthe De Lorenzo,rdeq7@youtube.com
945,Ingrid Dennant,idennantq8@eepurl.com
946,Minnie Schrir,mschrirq9@wordpress.com
947,Mayer Matschoss,mmatschossqa@cocolog-nifty.com
948,Johan Dameisele,jdameiseleqb@blogs.com
949,Lexine Dufer,lduferqc@xing.com
950,Lyda MacGuffog,lmacguffogqd@typepad.com
951,Mavra Ewols,mewolsqe@telegraph.co.uk
952,Syman Matyja,smatyjaqf@moonfruit.com
953,Carole Pensom,cpensomqg@alibaba.com
954,Edi McEvon,emcevonqh@un.org
955,Gaspar Dadds,gdaddsqi@icq.com
956,Nell Batalle,nbatalleqj@soundcloud.com
957,Wendy Fabler,wfablerqk@twitter.com
958,Kristos Geill,kgeillql@ed.gov
959,Selle Terris,sterrisqm@google.com.hk
960,Andree Lewendon,alewendonqn@weather.com
961,Gratia Stephenson,gstephensonqo@delicious.com
962,Maura Braddock,mbraddockqp@webnode.com
963,Will Dumberrill,wdumberrillqq@upenn.edu
964,Kristina Duny,kdunyqr@rediff.com
965,Louisa Tinkham,ltinkhamqs@yellowbook.com
966,Muire Cooke,mcookeqt@theglobeandmail.com
967,Jarret Corpes,jcorpesqu@theguardian.com
968,Modesta Shaughnessy,mshaughnessyqv@spiegel.de
969,Allyn Genn,agennqw@cpanel.net
970,Micheline Wiffen,mwiffenqx@toplist.cz
971,Lilia Helwig,lhelwigqy@csmonitor.com
972,Rosette Cuxon,rcuxonqz@vinaora.com
973,Mylo Maciejak,mmaciejakr0@histats.com
974,Franky Snedker,fsnedkerr1@state.gov
975,Annie Maeer,amaeerr2@craigslist.org
976,Corly Congreave,ccongreaver3@ezinearticles.com
977,Julian MacGebenay,jmacgebenayr4@bing.com
978,Ker Hakonsen,khakonsenr5@wisc.edu
979,Oralee Leigh,oleighr6@reference.com
980,Elvera Gaw,egawr7@devhub.com
981,Deina Wisniewski,dwisniewskir8@pagesperso-orange.fr
982,Kirstin Owbrick,kowbrickr9@yellowpages.com
983,Bren Rebichon,brebichonra@mayoclinic.com
984,Averil Steed,asteedrb@narod.ru
985,Alberik Albrook,aalbrookrc@twitter.com
986,Art Blenkinsop,ablenkinsoprd@1und1.de
987,Kort Mangenot,kmangenotre@etsy.com
988,Harwilll Struttman,hstruttmanrf@howstuffworks.com
989,Jacquenetta Gostling,jgostlingrg@paginegialle.it
990,Sherill Wayvill,swayvillrh@marketwatch.com
991,Lynett Peotz,lpeotzri@washington.edu
992,Christel Measen,cmeasenrj@so-net.ne.jp
993,Kalvin Gianolini,kgianolinirk@seesaa.net
994,Kip Gillani,kgillanirl@google.com.au
995,Minta Jakubowicz,mjakubowiczrm@google.ca
996,Adaline Tailby,atailbyrn@hibu.com
997,Kathrine Buller,kbullerro@slate.com
998,Klaus McOwan,kmcowanrp@tinypic.com
999,Tabby Palfrey,tpalfreyrq@geocities.jp
1000,Albina Brundill,abrundillrr@youku.com
